{"cameraMode":{"drawMode":0,"name":"Shaded","section":"Shading Mode"},"sceneLighting":true,"audioPlay":false,"sceneViewState":{"showFog":false,"showMaterialUpdate":false,"showSkybox":false,"showFlares":false,"showImageEffects":false,"showParticleSystems":false},"in2DMode":false,"pivot":{"x":316.77191162109377,"y":243.39915466308595,"z":0.0},"rotation":{"x":-0.08272591233253479,"y":0.0452643446624279,"z":-0.0037032265681773426,"w":-0.9956184029579163},"size":306.79718017578127,"orthographic":false}